INSERT INTO `user` (`id`, `username`, `password`, `first_name`, `last_name`, `email`, `permission`, `created`) VALUES
(1, 'HriBB', '58b405272fb0b03f27a6c84f68b2d6b9', 'Bojan', 'Hribernik', 'bojan.hribernik@gmail.com', 6, '2010-11-19 18:57:20');



INSERT INTO `location_type` (`id`, `type`, `name`) VALUES
(1, 'sport', 'Sport climbing'),
(2, 'bouldering', 'Bouldering'),
(3, 'multipitch', 'Multipitch climbing'),
(4, 'trad', 'Trad climbing'),
(5, 'alpine', 'Alpine climbing'),
(6, 'waterice', 'Water-ice'),
(7, 'dws', 'Deep Water Soloing'),
(8, 'drytooling', 'Dry-tooling'),
(9, 'indoor', 'Indoor gym');







INSERT INTO `country` (`id`, `name`, `iso`) VALUES
(1, 'Afghanistan', 'AF'),
(2, 'Albania', 'AL'),
(3, 'Algeria', 'DZ'),
(4, 'American Samoa', 'AS'),
(5, 'Andorra', 'AD'),
(6, 'Angola', 'AO'),
(7, 'Anguilla', 'AI'),
(8, 'Antarctica', 'AQ'),
(9, 'Antigua and Barbuda', 'AG'),
(10, 'Argentina', 'AR'),
(11, 'Armenia', 'AM'),
(12, 'Aruba', 'AW'),
(13, 'Australia', 'AU'),
(14, 'Austria', 'AT'),
(15, 'Azerbaijan', 'AZ'),
(16, 'Bahamas', 'BS'),
(17, 'Bahrain', 'BH'),
(18, 'Bangladesh', 'BD'),
(19, 'Barbados', 'BB'),
(20, 'Belarus', 'BY'),
(21, 'Belgium', 'BE'),
(22, 'Belize', 'BZ'),
(23, 'Benin', 'BJ'),
(24, 'Bermuda', 'BM'),
(25, 'Bhutan', 'BT'),
(26, 'Bolivia', 'BO'),
(27, 'Bosnia and Herzegovina', 'BA'),
(28, 'Botswana', 'BW'),
(29, 'Bouvet Island', 'BV'),
(30, 'Brazil', 'BR'),
(31, 'British Indian Ocean Territory', 'IO'),
(32, 'Brunei Darussalam', 'BN'),
(33, 'Bulgaria', 'BG'),
(34, 'Burkina Faso', 'BF'),
(35, 'Burundi', 'BI'),
(36, 'Cambodia', 'KH'),
(37, 'Cameroon', 'CM'),
(38, 'Canada', 'CA'),
(39, 'Cape Verde', 'CV'),
(40, 'Cayman Islands', 'KY'),
(41, 'Central African Republic', 'CF'),
(42, 'Chad', 'TD'),
(43, 'Chile', 'CL'),
(44, 'China', 'CN'),
(45, 'Christmas Island', 'CX'),
(46, 'Cocos (Keeling) Islands', 'CC'),
(47, 'Colombia', 'CO'),
(48, 'Comoros', 'KM'),
(49, 'Congo', 'CG'),
(50, 'Congo, the Democratic Republic of the', 'CD'),
(51, 'Cook Islands', 'CK'),
(52, 'Costa Rica', 'CR'),
(53, 'Cote D''Ivoire', 'CI'),
(54, 'Croatia', 'HR'),
(55, 'Cuba', 'CU'),
(56, 'Cyprus', 'CY'),
(57, 'Czech Republic', 'CZ'),
(58, 'Denmark', 'DK'),
(59, 'Djibouti', 'DJ'),
(60, 'Dominica', 'DM'),
(61, 'Dominican Republic', 'DO'),
(62, 'Ecuador', 'EC'),
(63, 'Egypt', 'EG'),
(64, 'El Salvador', 'SV'),
(65, 'Equatorial Guinea', 'GQ'),
(66, 'Eritrea', 'ER'),
(67, 'Estonia', 'EE'),
(68, 'Ethiopia', 'ET'),
(69, 'Falkland Islands (Malvinas)', 'FK'),
(70, 'Faroe Islands', 'FO'),
(71, 'Fiji', 'FJ'),
(72, 'Finland', 'FI'),
(73, 'France', 'FR'),
(74, 'French Guiana', 'GF'),
(75, 'French Polynesia', 'PF'),
(76, 'French Southern Territories', 'TF'),
(77, 'Gabon', 'GA'),
(78, 'Gambia', 'GM'),
(79, 'Georgia', 'GE'),
(80, 'Germany', 'DE'),
(81, 'Ghana', 'GH'),
(82, 'Gibraltar', 'GI'),
(83, 'Greece', 'GR'),
(84, 'Greenland', 'GL'),
(85, 'Grenada', 'GD'),
(86, 'Guadeloupe', 'GP'),
(87, 'Guam', 'GU'),
(88, 'Guatemala', 'GT'),
(89, 'Guinea', 'GN'),
(90, 'Guinea-Bissau', 'GW'),
(91, 'Guyana', 'GY'),
(92, 'Haiti', 'HT'),
(93, 'Heard Island and Mcdonald Islands', 'HM'),
(94, 'Holy See (Vatican City State)', 'VA'),
(95, 'Honduras', 'HN'),
(96, 'Hong Kong', 'HK'),
(97, 'Hungary', 'HU'),
(98, 'Iceland', 'IS'),
(99, 'India', 'IN'),
(100, 'Indonesia', 'ID'),
(101, 'Iran, Islamic Republic of', 'IR'),
(102, 'Iraq', 'IQ'),
(103, 'Ireland', 'IE'),
(104, 'Israel', 'IL'),
(105, 'Italy', 'IT'),
(106, 'Jamaica', 'JM'),
(107, 'Japan', 'JP'),
(108, 'Jordan', 'JO'),
(109, 'Kazakhstan', 'KZ'),
(110, 'Kenya', 'KE'),
(111, 'Kiribati', 'KI'),
(112, 'Korea, Democratic People''s Republic of', 'KP'),
(113, 'Korea, Republic of', 'KR'),
(114, 'Kuwait', 'KW'),
(115, 'Kyrgyzstan', 'KG'),
(116, 'Lao People''s Democratic Republic', 'LA'),
(117, 'Latvia', 'LV'),
(118, 'Lebanon', 'LB'),
(119, 'Lesotho', 'LS'),
(120, 'Liberia', 'LR'),
(121, 'Libyan Arab Jamahiriya', 'LY'),
(122, 'Liechtenstein', 'LI'),
(123, 'Lithuania', 'LT'),
(124, 'Luxembourg', 'LU'),
(125, 'Macao', 'MO'),
(126, 'Macedonia, the Former Yugoslav Republic of', 'MK'),
(127, 'Madagascar', 'MG'),
(128, 'Malawi', 'MW'),
(129, 'Malaysia', 'MY'),
(130, 'Maldives', 'MV'),
(131, 'Mali', 'ML'),
(132, 'Malta', 'MT'),
(133, 'Marshall Islands', 'MH'),
(134, 'Martinique', 'MQ'),
(135, 'Mauritania', 'MR'),
(136, 'Mauritius', 'MU'),
(137, 'Mayotte', 'YT'),
(138, 'Mexico', 'MX'),
(139, 'Micronesia, Federated States of', 'FM'),
(140, 'Moldova, Republic of', 'MD'),
(141, 'Monaco', 'MC'),
(142, 'Mongolia', 'MN'),
(143, 'Montserrat', 'MS'),
(144, 'Morocco', 'MA'),
(145, 'Mozambique', 'MZ'),
(146, 'Myanmar', 'MM'),
(147, 'Namibia', 'NA'),
(148, 'Nauru', 'NR'),
(149, 'Nepal', 'NP'),
(150, 'Netherlands', 'NL'),
(151, 'Netherlands Antilles', 'AN'),
(152, 'New Caledonia', 'NC'),
(153, 'New Zealand', 'NZ'),
(154, 'Nicaragua', 'NI'),
(155, 'Niger', 'NE'),
(156, 'Nigeria', 'NG'),
(157, 'Niue', 'NU'),
(158, 'Norfolk Island', 'NF'),
(159, 'Northern Mariana Islands', 'MP'),
(160, 'Norway', 'NO'),
(161, 'Oman', 'OM'),
(162, 'Pakistan', 'PK'),
(163, 'Palau', 'PW'),
(164, 'Palestinian Territory, Occupied', 'PS'),
(165, 'Panama', 'PA'),
(166, 'Papua New Guinea', 'PG'),
(167, 'Paraguay', 'PY'),
(168, 'Peru', 'PE'),
(169, 'Philippines', 'PH'),
(170, 'Pitcairn', 'PN'),
(171, 'Poland', 'PL'),
(172, 'Portugal', 'PT'),
(173, 'Puerto Rico', 'PR'),
(174, 'Qatar', 'QA'),
(175, 'Reunion', 'RE'),
(176, 'Romania', 'RO'),
(177, 'Russian Federation', 'RU'),
(178, 'Rwanda', 'RW'),
(179, 'Saint Helena', 'SH'),
(180, 'Saint Kitts and Nevis', 'KN'),
(181, 'Saint Lucia', 'LC'),
(182, 'Saint Pierre and Miquelon', 'PM'),
(183, 'Saint Vincent and the Grenadines', 'VC'),
(184, 'Samoa', 'WS'),
(185, 'San Marino', 'SM'),
(186, 'Sao Tome and Principe', 'ST'),
(187, 'Saudi Arabia', 'SA'),
(188, 'Senegal', 'SN'),
(189, 'Serbia and Montenegro', 'CS'),
(190, 'Seychelles', 'SC'),
(191, 'Sierra Leone', 'SL'),
(192, 'Singapore', 'SG'),
(193, 'Slovakia', 'SK'),
(194, 'Slovenia', 'SI'),
(195, 'Solomon Islands', 'SB'),
(196, 'Somalia', 'SO'),
(197, 'South Africa', 'ZA'),
(198, 'South Georgia and the South Sandwich Islands', 'GS'),
(199, 'Spain', 'ES'),
(200, 'Sri Lanka', 'LK'),
(201, 'Sudan', 'SD'),
(202, 'Suriname', 'SR'),
(203, 'Svalbard and Jan Mayen', 'SJ'),
(204, 'Swaziland', 'SZ'),
(205, 'Sweden', 'SE'),
(206, 'Switzerland', 'CH'),
(207, 'Syrian Arab Republic', 'SY'),
(208, 'Taiwan, Province of China', 'TW'),
(209, 'Tajikistan', 'TJ'),
(210, 'Tanzania, United Republic of', 'TZ'),
(211, 'Thailand', 'TH'),
(212, 'Timor-Leste', 'TL'),
(213, 'Togo', 'TG'),
(214, 'Tokelau', 'TK'),
(215, 'Tonga', 'TO'),
(216, 'Trinidad and Tobago', 'TT'),
(217, 'Tunisia', 'TN'),
(218, 'Turkey', 'TR'),
(219, 'Turkmenistan', 'TM'),
(220, 'Turks and Caicos Islands', 'TC'),
(221, 'Tuvalu', 'TV'),
(222, 'Uganda', 'UG'),
(223, 'Ukraine', 'UA'),
(224, 'United Arab Emirates', 'AE'),
(225, 'United Kingdom', 'GB'),
(226, 'United States', 'US'),
(227, 'United States Minor Outlying Islands', 'UM'),
(228, 'Uruguay', 'UY'),
(229, 'Uzbekistan', 'UZ'),
(230, 'Vanuatu', 'VU'),
(231, 'Venezuela', 'VE'),
(232, 'Viet Nam', 'VN'),
(233, 'Virgin Islands, British', 'VG'),
(234, 'Virgin Islands, U.s.', 'VI'),
(235, 'Wallis and Futuna', 'WF'),
(236, 'Western Sahara', 'EH'),
(237, 'Yemen', 'YE'),
(238, 'Zambia', 'ZM'),
(239, 'Zimbabwe', 'ZW');



INSERT INTO `location` (`id`, `user_id`, `country_id`, `name`, `description`, `lat`, `lng`, `created`) VALUES
(2, 1, 194, 'Bitenj potok', '51 smeri (5a do 8a)', 46.2911, 13.9899, '2010-12-08 07:34:25'),
(3, 1, 194, 'Bitnje', '49 smeri (4a do 8b)', 46.2858, 13.9636, '2010-12-08 07:34:25'),
(4, 1, 194, 'Blažčeva skala', '19 smeri (5b do 7c+)', 46.4691, 13.973, '2010-12-08 07:34:25'),
(5, 1, 194, 'Boč', '20 smeri (4c do 7c+)', 46.2834, 15.6336, '2010-12-08 07:34:25'),
(6, 1, 194, 'Bodešče', '41 smeri (5a do 7b+)', 46.3423, 14.139, '2010-12-08 07:34:25'),
(7, 1, 194, 'Bohinj', '90 smeri (3 do 7c)', 46.2758, 13.8837, '2010-12-08 07:34:25'),
(8, 1, 194, 'Bohinjska Bela', '79 smeri (3 do 8c+)', 46.3481, 14.0591, '2010-12-08 07:34:25'),
(9, 1, 194, 'Buncove skale', '47 smeri (4a+/b do 7b)', 46.4517, 15.5464, '2010-12-08 07:34:25'),
(10, 1, 194, 'Burjakove peči', '68 smeri (3 do 8c)', 46.4713, 14.7894, '2010-12-08 07:34:25'),
(11, 1, 194, 'Čerjan', '20 smeri (6a+ do 8a)', 46.1206, 15.0376, '2010-12-08 07:34:25'),
(12, 1, 194, 'Čolnišče', '23 smeri (5b+ do 7b)', 46.126, 14.9641, '2010-12-08 07:34:25'),
(13, 1, 194, 'Črni Kal', '269 smeri (3 do 8a)', 45.5512, 13.8817, '2010-12-08 07:34:25'),
(14, 1, 194, 'Dolge njive', '43 smeri (4a+/b do 8a)', 45.9911, 13.6449, '2010-12-08 07:34:25'),
(15, 1, 194, 'Dolžanova soteska', '40 smeri (6a do 7c+)', 46.385, 14.3321, '2010-12-08 07:34:25'),
(16, 1, 194, 'Gore', '36 smeri (3 do 7c+)', 46.008, 14.0524, '2010-12-08 07:34:25'),
(17, 1, 194, 'Gorje', '18 smeri (4a do 7a+)', 46.3732, 14.0699, '2010-12-08 07:34:25'),
(18, 1, 194, 'Gornji Ig', '49 smeri (4b do 7c+)', 45.9143, 14.4937, '2010-12-08 07:34:25'),
(19, 1, 194, 'Gromberg', '11 smeri (5b do 7b+)', 46.4448, 15.5838, '2010-12-08 07:34:25'),
(20, 1, 194, 'Igla', '22 smeri (5b do 7a+)', 46.3789, 14.7281, '2010-12-08 07:34:25'),
(21, 1, 194, 'Iški Vintgar', '38 smeri (3 do 8a)', 45.909, 14.4955, '2010-12-08 07:34:25'),
(22, 1, 194, 'Kal-Koritnica', '33 smeri (4a do 7b)', 46.3422, 13.5843, '2010-12-08 07:34:25'),
(23, 1, 194, 'Kamnik', '58 smeri (3 do 7a+/b)', 46.2078, 15.1247, '2010-12-08 07:34:25'),
(24, 1, 194, 'Kamniška bistrica', '21 smeri (6a do 8a+)', 46.3398, 14.5748, '2010-12-08 07:34:25'),
(25, 1, 194, 'Kamnitnik', '39 smeri (4a/a+ do 7a/a+)', 46.1692, 14.3113, '2010-12-08 07:34:25'),
(26, 1, 194, 'Korošica', '53 smeri (2 do 7c)', 46.3556, 14.6396, '2010-12-08 07:34:25'),
(27, 1, 194, 'Kot nad Prevaljami', '35 smeri (4a do 7c)', 46.503, 14.9196, '2010-12-08 07:34:25'),
(28, 1, 194, 'Kotečnik', '303 smeri (4b do 8c)', 46.1995, 15.1789, '2010-12-08 07:34:25'),
(29, 1, 194, 'Kovačevec', '14 smeri (4b+ do 7b+)', 46.4505, 14.0375, '2010-12-08 07:34:25'),
(30, 1, 194, 'Križevska vas', '30 smeri (5a do 8a)', 46.1083, 14.7223, '2010-12-08 07:34:25'),
(31, 1, 194, 'Krvavec', '13 smeri (4c+ do 7c+)', 46.2835, 14.4936, '2010-12-08 07:34:25'),
(32, 1, 194, 'Kupljenik', '30 smeri (5a+ do 8a+)', 46.3373, 14.0768, '2010-12-08 07:34:25'),
(33, 1, 194, 'Lijak', '28 smeri (4b do 8a+)', 45.9596, 13.7205, '2010-12-08 07:34:25'),
(34, 1, 194, 'Lipje', '10 smeri (6a do 7c)', 46.3508, 15.1666, '2010-12-08 07:34:25'),
(35, 1, 194, 'Logarska dolina', '25 smeri (4a do 7b+/c)', 46.4195, 14.6387, '2010-12-08 07:34:25'),
(36, 1, 1, 'Luknja', '35 smeri (4c do 7b+)<br><br><font color="#ff0000">neki asdf ff</font><br>', 45.8173, 15.0956, '2010-12-08 07:34:25'),
(37, 1, 194, 'Lutne Skale', '64 smeri (3 do 8a)', 46.126, 13.9152, '2010-12-08 07:34:25'),
(38, 1, 194, 'Male bele stene', '51 smeri (4c do 7c+)', 45.6923, 14.6824, '2010-12-08 07:34:25'),
(39, 1, 194, 'Matjaževe kamre', '18 smeri (5c do 7c)', 46.0049, 14.1378, '2010-12-08 07:34:25'),
(40, 1, 194, 'Matvoz', '37 smeri (4a do 7a)', 46.466, 14.8701, '2010-12-08 07:34:25'),
(41, 1, 194, 'Mišja peč', '183 smeri (4a do 9a)', 45.5679, 13.8627, '2010-12-08 07:34:25'),
(42, 1, 194, 'Mlinarjeva peč', '11 smeri (4a do 7a)', 46.4074, 14.5184, '2010-12-08 07:34:25'),
(43, 1, 194, 'Močilnik', '17 smeri (4a do 7c)', 45.9538, 14.292, '2010-12-08 07:34:25'),
(44, 1, 194, 'Nad Savo', '19 smeri (5c do 8a)', 45.9856, 15.4585, '2010-12-08 07:34:25'),
(45, 1, 194, 'Nadiža', '14 smeri (4a do 7b+/c)', 46.2449, 13.5051, '2010-12-08 07:34:25'),
(46, 1, 194, 'Osp', '205 smeri (3 do 8c+)\r', 45.5723, 13.86, '2010-12-08 07:34:25'),
(47, 1, 194, 'Peč pri Bohinju', '37 smeri (4a do 7c)', 46.2779, 13.8974, '2010-12-08 07:34:25'),
(48, 1, 194, 'Pisano čelo', '9 smeri (6a+ do 7c)', 46.1708, 13.8736, '2010-12-08 07:34:25'),
(49, 1, 194, 'Plezališče Lavorček', '7 smeri (5b do 6c)', 46.2275, 14.6199, '2010-12-08 07:34:25'),
(50, 1, 194, 'Pod Kopitcem', '11 smeri (4c do 6b+)', 46.2626, 13.5916, '2010-12-08 07:34:25'),
(51, 1, 194, 'Pod Reško planino', '63 smeri (4a+/b do 8a)', 46.2096, 15.0487, '2010-12-08 07:34:25'),
(52, 1, 194, 'Pod Sušo', '8 smeri (6a do 8a+)', 46.2063, 14.1204, '2010-12-08 07:34:25'),
(53, 1, 194, 'Porezen', '10 smeri (6a do 7b+)', 46.1878, 13.9484, '2010-12-08 07:34:25'),
(54, 1, 194, 'Preddvor', '53 smeri (4a do 8b)', 46.3235, 14.4458, '2010-12-08 07:34:25'),
(55, 1, 194, 'Pri Čiginju', '45 smeri (3 do 7c)', 46.1692, 13.7144, '2010-12-08 07:34:25'),
(56, 1, 194, 'Pri Pavru', '15 smeri (4a do 7a+)', 46.3971, 13.7416, '2010-12-08 07:34:25'),
(57, 1, 194, 'Pri Žvikarju', '11 smeri (5a do 7b+)', 46.3211, 13.4862, '2010-12-08 07:34:25'),
(58, 1, 194, 'Radlje', '13 smeri (4c+ do 7a+)', 46.6189, 15.2119, '2010-12-08 07:34:25'),
(59, 1, 194, 'Radovna', '10 smeri (6a+ do 7c)', 46.4104, 13.9936, '2010-12-08 07:34:25'),
(60, 1, 194, 'Rakitnica', '7 smeri (5c do 6c)', 45.6799, 14.7363, '2010-12-08 07:34:25'),
(61, 1, 194, 'Renke', '44 smeri (5a do 7c/c+)', 46.0972, 14.9408, '2010-12-08 07:34:25'),
(62, 1, 194, 'Retovje', '25 smeri (5a do 8b/b+)', 45.9516, 14.2981, '2010-12-08 07:34:25'),
(63, 1, 194, 'Risnik', '14 smeri (4c do 8a)', 45.6776, 13.9662, '2010-12-08 07:34:25'),
(64, 1, 194, 'Rudnica', '11 smeri (6a do 7b)', 46.2801, 13.9181, '2010-12-08 07:34:25'),
(65, 1, 194, 'Šeginov potok', '10 smeri (5b do 8a+)', 46.2985, 15.6561, '2010-12-08 07:34:25'),
(66, 1, 194, 'Sele', '42 smeri (4a do 7c+)', 46.5093, 15.0499, '2010-12-08 07:34:25'),
(67, 1, 194, 'Senica', '37 smeri (4a do 7c)', 46.1608, 13.7754, '2010-12-08 07:34:25'),
(68, 1, 194, 'Slap ob Idrijci', '17 smeri (4a do 7a+)', 46.1099, 13.8128, '2010-12-08 07:34:25'),
(69, 1, 194, 'Slomnik', '24 smeri (5a do 7c)', 46.2059, 15.2103, '2010-12-08 07:34:25'),
(70, 1, 194, 'Šnitov rob', '15 smeri (5c do 7a+)', 46.0401, 14.0391, '2010-12-08 07:34:25'),
(71, 1, 194, 'Socka', '15 smeri (5b do 7a)', 46.3587, 15.2758, '2010-12-08 07:34:25'),
(72, 1, 194, 'Šoder graben', '25 smeri (4a do 7c)', 46.2942, 15.6571, '2010-12-08 07:34:25'),
(73, 1, 194, 'Sopota', '15 smeri (6a do 7a+)', 46.1454, 15.2968, '2010-12-08 07:34:25'),
(74, 1, 194, 'Štenge', '25 smeri (4a do 7c)', 46.5092, 14.8244, '2010-12-08 07:34:25'),
(75, 1, 194, 'Strug', '53 smeri (3 do 7c+)', 45.9688, 14.0094, '2010-12-08 07:34:25'),
(76, 1, 194, 'Trenta', '27 smeri (4a do 7b)', 46.3623, 13.7173, '2010-12-08 07:34:25'),
(77, 1, 194, 'Turnc', '75 smeri (3 do 7b)', 46.1283, 14.4465, '2010-12-08 07:34:25'),
(78, 1, 194, 'Vipava', '252 smeri (2 do 7c+)', 45.8316, 13.9706, '2010-12-08 07:34:25'),
(79, 1, 194, 'Vipavska Bela', '122 smeri (2 do 8c/c+)', 45.8722, 13.9724, '2010-12-08 07:34:25'),
(80, 1, 194, 'Vranja peč', '10 smeri (4b+ do 7a+)', 46.2107, 14.6714, '2010-12-08 07:34:25'),
(81, 1, 194, 'Vransko', '16 smeri (4a do 6a)', 46.2478, 14.9529, '2010-12-08 07:34:25'),
(82, 1, 194, 'Vršič', '35 smeri (4a do 7b)', 46.4305, 13.7407, '2010-12-08 07:34:25'),
(83, 1, 194, 'Završnica', '37 smeri (5a do 7c+/8a)', 46.4072, 14.1536, '2010-12-08 07:34:25'),
(84, 1, 194, 'Zelenc pri Izlakah', '8 smeri (5c do 7c)', 46.1503, 14.9434, '2010-12-08 07:34:25'),
(85, 1, 194, 'Zminec', '24 smeri (5c do 8a)', 46.1535, 14.2902, '2010-12-08 07:34:25'),
(86, 1, 194, 'Glence', 'Bouldering spot\n84 boulder problems(4a - 8b+)<br><br><br>', 46.4051, 14.2845, '2010-12-08 07:34:25'),
(87, 1, 194, 'Sinji slap', 'Very nice and easy waterfall', 46.373, 14.5499, '2010-12-08 07:34:25'),
(90, 1, 194, 'Ledinski slap', 'Very nice two-part waterfall. Lower and higher Ledinec!', 46.3761, 14.5551, '2010-12-08 07:34:25'),
(92, 1, 194, 'Centralni slap', 'Central waterfall in Tamar.', 46.4439, 13.7189, '2010-12-08 07:34:25'),
(93, 1, 194, 'Lucifer', 'Famous Slovenian waterfall.', 46.4756, 13.8577, '2010-12-08 07:34:25'),
(94, 1, 194, 'Plezališče Snovik', '12 smeri\ntežavnost: 6a-8b+\ndostop: 5min', 46.2381, 14.7103, '2010-12-08 07:34:25'),
(95, 1, 105, 'Val Rosandra - Glinščica', '464 smeri\nod 3b do 8b', 45.6257, 13.8667, '2010-12-08 07:34:25'),
(96, 1, 105, 'Val Rosandra - Glinščica', '464 rutes(3b - 8b)', 45.6257, 13.8667, '2010-12-08 07:34:25'),
(97, 1, 105, 'Val Rosandra - Glinščica', '464 rutes(3b - 8b)', 45.6245, 13.8673, '2010-12-08 07:34:25'),
(98, 1, 194, 'Znojile', '23 smeri (D4 - D8+)', 46.1863, 14.9973, '2010-12-08 07:34:25'),
(99, 1, 194, 'Ob Savi', '33 smeri(D5 - D9-)', 46.1157, 14.9852, '2010-12-08 07:34:25'),
(100, 1, 105, 'Val Daone', '574 boulder problems(3 - 8a+)\r', 45.9772, 10.5404, '2010-12-08 07:34:25'),
(101, 1, 194, 'Ander-Prem', '6 rutes and more combinations(M7 - M12)\r', 46.4242, 14.2712, '2010-12-08 07:34:25'),
(102, 1, 194, 'Na Ljubelj', 'Some problems(6a - 7c)', 46.4304, 14.2603, '2010-12-08 07:34:25'),
(103, 1, 194, 'Dovžanka', 'Boulder spot', 46.3838, 14.3319, '2010-12-08 07:34:25'),
(104, 1, 194, 'Trenta', 'Boulder spot', 46.3616, 13.7166, '2010-12-08 07:34:25'),
(105, 1, 194, 'Radovna', 'Boulder spot', 46.411, 13.996, '2010-12-08 07:34:25'),
(106, 1, 194, 'Orehk', 'Traverses on a bridge by railway<br><br>Very polished<br>', 46.2136, 14.3642, '2010-12-08 07:34:25'),
(107, 1, 194, 'Smeri pri Bornovih tunelih', '9 rutes(3 - 7-)', 46.4247, 14.2666, '2010-12-08 07:34:25'),
(108, 1, 194, 'Lambada', 'Wrong location?', 46.4331, 13.7611, '2010-12-08 07:34:25'),
(109, 1, 54, 'Nugla', '22 rutes(6a+ - 8a)', 45.4189, 14.0235, '2010-12-08 07:34:25'),
(110, 1, 54, 'Krkuž', '10 rutes(5c - 8a)', 45.4, 14.0552, '2010-12-08 07:34:25'),
(111, 1, 105, 'Rabeljski slap', 'From left to right: \nPožled(M7,WI 5+), \nThe harder left(WI 6+), \nLeft variant(WI 5+),\n Middle one(WI 5), \nČez previs(M8/M8+, WI 5), \nRight variant(WI 4+)', 46.4378, 13.5749, '2010-12-08 07:34:25'),
(113, 1, 194, 'Škratova skala', '1. Kobariški štruklji   5b    16m\n2. Na Gradič           5b    16m\n3. Pijem tokaj         4b    20m\n4. Brez konkurence  P     20m\n5. The way beyond 6b+  20m\n6. Huljeva               5b   30m\n7. Huljeva varianta    7a   20m\n8. Škratovi zobje      6a   15m', 46.2463, 13.5842, '2010-12-08 07:34:25'),
(331, 1, 1, 'Super cooller', 'Opois?\r', 44.8481, 11.1786, '2010-12-08 07:34:25'),
(481, 1, 1, 'Test', '\r', 45.9201, 9.39091, '2010-12-08 07:34:25'),
(482, 1, 1, 'Planja', '\r', 46.4071, 13.7972, '2010-12-08 07:34:25'),
(480, 1, 1, 'Test', '\r', 45.7062, 9.61304, '2010-12-08 07:34:25'),
(478, 1, 1, 'Test', '\r', 44.6687, 9.86572, '2010-12-08 07:34:25'),
(483, 1, 1, 'Prilep', '\r', 41.3789, 21.5779, '2010-12-08 07:34:25'),
(484, 1, 1, 'name 123', 'description 123\r', 45.1235, 12.1234, '2010-12-08 07:34:25');



INSERT INTO `location_types` (`location_id`, `type_id`) VALUES
(2, 1),
(3, 1),
(4, 1),
(5, 1),
(6, 1),
(7, 1),
(8, 1),
(9, 1),
(10, 1),
(11, 1),
(12, 1),
(13, 1),
(14, 1),
(15, 1),
(17, 1),
(18, 1),
(19, 1),
(20, 1),
(21, 1),
(22, 1),
(23, 1),
(24, 1),
(25, 1),
(26, 1),
(27, 1),
(28, 1),
(29, 1),
(30, 1),
(33, 1),
(34, 1),
(35, 1),
(37, 1),
(38, 1),
(39, 1),
(40, 1),
(41, 1),
(42, 1),
(43, 1),
(44, 1),
(45, 1),
(46, 1),
(47, 1),
(48, 1),
(49, 1),
(50, 1),
(51, 1),
(52, 1),
(53, 1),
(54, 1),
(55, 1),
(56, 1),
(57, 1),
(58, 1),
(59, 1),
(60, 1),
(61, 1),
(62, 1),
(63, 1),
(64, 1),
(65, 1),
(66, 1),
(67, 1),
(68, 1),
(69, 1),
(70, 1),
(71, 1),
(72, 1),
(73, 1),
(74, 1),
(75, 1),
(77, 1),
(78, 1),
(79, 1),
(81, 1),
(82, 1),
(83, 1),
(84, 1),
(85, 1),
(46, 3),
(87, 6),
(90, 6),
(36, 1),
(31, 1),
(31, 8),
(16, 1),
(80, 1),
(94, 1),
(32, 1),
(95, 1),
(96, 1),
(97, 1),
(98, 8),
(99, 8),
(92, 6),
(100, 2),
(86, 2),
(101, 8),
(102, 2),
(103, 2),
(76, 1),
(104, 2),
(105, 2),
(106, 2),
(107, 3),
(93, 6),
(108, 6),
(109, 1),
(110, 1),
(111, 6),
(113, 1),
(331, 2),
(481, 5),
(482, 5),
(480, 2),
(478, 3),
(483, 2),
(484, 1);






INSERT INTO `grade_type` (`id`, `name`, `type`) VALUES
(1, 'UIAA', 'uiaa'),
(2, 'Yosemite', 'usa'),
(3, 'French', 'french'),
(4, 'Font', 'font'),
(5, 'Hueco', 'hueco'),
(6, 'Water-Ice', 'waterice'),
(7, 'Mixed', 'mixed'),
(8, 'Aid', 'aid');





INSERT INTO `grade` (`id`, `type_id`, `score`, `grade`) VALUES
(1, 1, 4, 'I'),
(2, 1, 5, 'II'),
(3, 1, 6, 'III'),
(4, 1, 8, 'III+'),
(5, 1, 10, 'IV'),
(6, 1, 12, 'IV+'),
(7, 1, 14, 'V-'),
(8, 1, 15, 'V'),
(9, 1, 17, 'V+'),
(10, 1, 18, 'VI-'),
(11, 1, 19, 'VI'),
(12, 1, 21, 'VI+'),
(13, 1, 22, 'VII-'),
(14, 1, 24, 'VII'),
(15, 1, 25, 'VII+'),
(16, 1, 27, 'VIII-'),
(17, 1, 28, 'VIII'),
(18, 1, 29, 'VIII+'),
(19, 1, 30, 'IX-'),
(20, 1, 32, 'IX'),
(21, 1, 34, 'IX+'),
(22, 1, 35, 'X-'),
(23, 1, 37, 'X'),
(24, 1, 38, 'X+'),
(25, 1, 39, 'XI-'),
(26, 1, 40, 'XI'),
(27, 1, 41, 'XI+'),
(28, 2, 2, '5.0'),
(29, 2, 3, '5.1'),
(30, 2, 4, '5.2'),
(31, 2, 5, '5.3'),
(32, 2, 6, '5.4'),
(33, 2, 8, '5.5'),
(34, 2, 10, '5.6'),
(35, 2, 12, '5.7'),
(36, 2, 14, '5.8'),
(37, 2, 18, '5.9'),
(38, 2, 20, '5.10a'),
(39, 2, 22, '5.10b'),
(40, 2, 23, '5.10c'),
(41, 2, 24, '5.10d'),
(42, 2, 25, '5.11a'),
(43, 2, 26, '5.11b'),
(44, 2, 27, '5.11c'),
(45, 2, 28, '5.11d'),
(46, 2, 29, '5.12a'),
(47, 2, 30, '5.12b'),
(48, 2, 31, '5.12c'),
(49, 2, 32, '5.12d'),
(50, 2, 33, '5.13a'),
(51, 2, 34, '5.13b'),
(52, 2, 35, '5.13c'),
(53, 2, 36, '5.13d'),
(54, 2, 37, '5.14a'),
(55, 2, 38, '5.14b'),
(56, 2, 39, '5.14c'),
(57, 2, 40, '5.14d'),
(58, 2, 41, '5.15a'),
(59, 2, 42, '5.15b'),
(60, 3, 3, '1'),
(61, 3, 4, '2'),
(62, 3, 5, '3'),
(63, 3, 6, '4a'),
(64, 3, 7, '4a+'),
(65, 3, 8, '4b'),
(66, 3, 9, '4b+'),
(67, 3, 10, '4c'),
(68, 3, 11, '4c+'),
(69, 3, 12, '5a'),
(70, 3, 13, '5a+'),
(71, 3, 14, '5b'),
(72, 3, 15, '5b+'),
(73, 3, 18, '5c'),
(74, 3, 19, '5c+'),
(75, 3, 20, '6a'),
(76, 3, 22, '6a+'),
(77, 3, 23, '6b'),
(78, 3, 24, '6b+'),
(79, 3, 25, '6c'),
(80, 3, 26, '6c+'),
(81, 3, 27, '7a'),
(82, 3, 28, '7a+'),
(83, 3, 29, '7b'),
(84, 3, 30, '7b+'),
(85, 3, 31, '7c'),
(86, 3, 32, '7c+'),
(87, 3, 33, '8a'),
(88, 3, 34, '8a+'),
(89, 3, 35, '8b'),
(90, 3, 37, '8b+'),
(91, 3, 38, '8c'),
(92, 3, 39, '8c+'),
(93, 3, 40, '9a'),
(94, 3, 41, '9a+'),
(95, 3, 42, '9b'),
(96, 4, 18, '3'),
(97, 4, 20, '4-'),
(98, 4, 21, '4'),
(99, 4, 22, '4+'),
(100, 4, 23, '5'),
(101, 4, 24, '5+'),
(102, 4, 25, '6A'),
(103, 4, 26, '6A+'),
(104, 4, 27, '6B'),
(105, 4, 28, '6B+'),
(106, 4, 29, '6C'),
(107, 4, 30, '6C+'),
(108, 4, 31, '7A'),
(109, 4, 32, '7A+'),
(110, 4, 33, '7B'),
(111, 4, 34, '7B+'),
(112, 4, 35, '7C'),
(113, 4, 36, '7C+'),
(114, 4, 37, '8A'),
(115, 4, 38, '8A+'),
(116, 4, 39, '8B'),
(117, 4, 40, '8B+'),
(118, 4, 41, '8C'),
(119, 4, 42, '8C+'),
(120, 5, 18, 'VB'),
(121, 5, 20, 'V0-'),
(122, 5, 21, 'V0'),
(123, 5, 22, 'V0+'),
(124, 5, 23, 'V1'),
(125, 5, 24, 'V2'),
(126, 5, 25, 'V3'),
(127, 5, 27, 'V4'),
(128, 5, 29, 'V5'),
(129, 5, 31, 'V6'),
(130, 5, 32, 'V7'),
(131, 5, 33, 'V8'),
(132, 5, 35, 'V9'),
(133, 5, 36, 'V10'),
(134, 5, 37, 'V11'),
(135, 5, 38, 'V12'),
(136, 5, 39, 'V13'),
(137, 5, 40, 'V14'),
(138, 5, 41, 'V15'),
(139, 5, 42, 'V16'),
(140, 6, 10, 'WI3'),
(141, 6, 14, 'WI4'),
(142, 6, 15, 'WI4+'),
(143, 6, 18, 'WI5'),
(144, 6, 19, 'WI5+'),
(145, 6, 20, 'WI6'),
(146, 6, 25, 'WI7'),
(147, 6, 29, 'WI8'),
(148, 6, 31, 'WI9'),
(149, 6, 33, 'WI10'),
(150, 6, 35, 'WI11'),
(151, 7, 8, 'M1'),
(152, 7, 10, 'M2'),
(153, 7, 12, 'M3'),
(154, 7, 14, 'M4'),
(155, 7, 15, 'M4+'),
(156, 7, 18, 'M5'),
(157, 7, 19, 'M5+'),
(158, 7, 20, 'M6'),
(159, 7, 25, 'M7'),
(160, 7, 29, 'M8'),
(161, 7, 31, 'M9'),
(162, 7, 33, 'M10'),
(163, 7, 35, 'M11'),
(164, 7, 37, 'M12'),
(165, 7, 39, 'M13'),
(166, 8, 2, 'A0'),
(167, 8, 3, 'A1'),
(168, 8, 4, 'A2'),
(169, 8, 5, 'A3'),
(170, 8, 6, 'A4'),
(171, 8, 8, 'A5');




INSERT INTO `route` (`id`, `user_id`, `location_id`, `name`, `created`) VALUES
(1, 1, 331, 'Test', '2010-12-08 07:34:25');

INSERT INTO `route_grade` (`route_id`, `grade_id`) VALUES
(1, 4);

